{
  "MAE": 0.22826736864575858,
  "RMSE": 0.29850529955407706,
  "R2": -0.020127960657373656
}