{
  "MAE": 0.09381544098070847,
  "RMSE": 0.13580444158669752,
  "R2": 0.6380246762488333
}