{
  "MAE": 0.12963698583621983,
  "RMSE": 0.16625454923889063,
  "R2": 0.6907324454048958
}