{
  "MAE": 0.08464547864130197,
  "RMSE": 0.11835567297670545,
  "R2": 0.7250655411908573
}