{
  "MAE": 0.09837689622204658,
  "RMSE": 0.13056393519086126,
  "R2": 0.6654219239685206
}