{
  "MAE": 0.22340976104315197,
  "RMSE": 0.27771664300039717,
  "R2": 0.11701287017945017
}