{
  "MAE": 0.12154656529893641,
  "RMSE": 0.15785912712960104,
  "R2": 0.7211898184158732
}