{
  "MAE": 0.12176123399478476,
  "RMSE": 0.1580620106049608,
  "R2": 0.7204726938573298
}