{
  "MAE": 0.0509514794520548,
  "RMSE": 0.07830702339372496,
  "R2": 0.8828850062585281,
  "Accuracy (%)": 79.73238582355333
}