{
  "MAE": 0.0809607148118183,
  "RMSE": 0.11474492265020686,
  "R2": 0.7416083991946361
}