{
  "MAE": 0.09814055404110825,
  "RMSE": 0.13028038634252642,
  "R2": 0.6668735685302809
}