{
  "MAE": 0.22074056567006117,
  "RMSE": 0.2760723776180822,
  "R2": 0.12743764815513636
}